Designator,Footprint,Quantity,Value,LCSC Part #
D1,LPA-C011301S-x LED 0805 LIGHT PIPE SINGLE VERT SMD,1,LED,
"D3, D4",D_MiniMELF,2,1N4148,
D5,SOT-23,1,MMBZxx,
F3,Fuseholder_Blade_Mini_Keystone_3568,1,Fuse,
J1,TE_1-776276-1_8pin_Vertical,1,Conn_01x08,
J2,JST_XH_B4B-XH-A_1x04_P2.50mm_Vertical,1,Conn_01x04,
"J3, J4, J5",Hirose_DF63M-1P-3.96DSA_1x01_P3.96mm_Vertical,3,Conn_01x01,
"J6, J8",JST_XH_B2B-XH-A_1x02_P2.50mm_Vertical,2,Conn_01x02,
J9,JST_PH_B4B-PH-K_1x04_P2.00mm_Vertical,1,JST PH,
K1,G2RL,1,G2RL,
"K2, K3",Relay_SPDT_Omron_G5V-1,2,G5V-1,
Q2,SOT-23,1,MMBT2222A,
R1,R_Axial_DIN0414_L11.9mm_D4.5mm_P25.40mm_Horizontal,1,39k,
R3,R_Axial_Power_L60.0mm_W14.0mm_P66.04mm,1,500,
R5,0603,1,10k,
R6,0603,1,2k,
